{
  "LogReg": {
    "fpr": [
      0.0,
      0.0,
      0.0,
      0.014285714285714285,
      0.014285714285714285,
      0.02857142857142857,
      0.02857142857142857,
      0.04285714285714286,
      0.04285714285714286,
      0.05714285714285714,
      0.05714285714285714,
      0.07142857142857142,
      0.07142857142857142,
      0.08571428571428572,
      0.08571428571428572,
      0.12857142857142856,
      0.6857142857142857,
      0.7,
      0.7,
      0.7285714285714285,
      0.8,
      0.8285714285714286,
      0.8428571428571429,
      0.8428571428571429,
      1.0
    ],
    "tpr": [
      0.0,
      0.014925373134328358,
      0.19402985074626866,
      0.19402985074626866,
      0.3582089552238806,
      0.3582089552238806,
      0.4626865671641791,
      0.4626865671641791,
      0.5223880597014925,
      0.5223880597014925,
      0.5671641791044776,
      0.5671641791044776,
      0.582089552238806,
      0.582089552238806,
      0.5970149253731343,
      0.5970149253731343,
      0.9701492537313433,
      0.9701492537313433,
      0.9850746268656716,
      0.9850746268656716,
      0.9850746268656716,
      0.9850746268656716,
      0.9850746268656716,
      1.0,
      1.0
    ],
    "auc": 0.8123
  },
  "RF": {
    "fpr": [
      0.0,
      0.0,
      0.0,
      0.02857142857142857,
      0.02857142857142857,
      0.04285714285714286,
      0.04285714285714286,
      0.12857142857142856,
      0.12857142857142856,
      0.14285714285714285,
      0.7,
      0.8285714285714286,
      0.8571428571428571,
      0.8571428571428571,
      0.8857142857142857,
      0.9142857142857143,
      1.0
    ],
    "tpr": [
      0.0,
      0.014925373134328358,
      0.3582089552238806,
      0.3582089552238806,
      0.4925373134328358,
      0.4925373134328358,
      0.5970149253731343,
      0.5970149253731343,
      0.6119402985074627,
      0.6119402985074627,
      0.9850746268656716,
      0.9850746268656716,
      0.9850746268656716,
      1.0,
      1.0,
      1.0,
      1.0
    ],
    "auc": 0.8197
  },
  "XGB": {
    "fpr": [
      0.0,
      0.0,
      0.0,
      0.02857142857142857,
      0.02857142857142857,
      0.04285714285714286,
      0.04285714285714286,
      0.05714285714285714,
      0.05714285714285714,
      0.07142857142857142,
      0.6285714285714286,
      0.6571428571428571,
      0.6571428571428571,
      0.7428571428571429,
      0.7428571428571429,
      0.8428571428571429,
      0.9,
      1.0
    ],
    "tpr": [
      0.0,
      0.014925373134328358,
      0.4626865671641791,
      0.4626865671641791,
      0.5671641791044776,
      0.5671641791044776,
      0.582089552238806,
      0.582089552238806,
      0.5970149253731343,
      0.5970149253731343,
      0.9701492537313433,
      0.9701492537313433,
      0.9850746268656716,
      0.9850746268656716,
      1.0,
      1.0,
      1.0,
      1.0
    ],
    "auc": 0.844
  }
}