{
  "LogReg": {
    "fpr": [
      0.0,
      0.0,
      0.0,
      0.03333333333333333,
      0.03333333333333333,
      0.06666666666666667,
      0.06666666666666667,
      0.16666666666666666,
      0.16666666666666666,
      0.3333333333333333,
      0.3333333333333333,
      0.5666666666666667,
      1.0
    ],
    "tpr": [
      0.0,
      0.03571428571428571,
      0.6785714285714286,
      0.6785714285714286,
      0.7142857142857143,
      0.7142857142857143,
      0.7857142857142857,
      0.7857142857142857,
      0.8571428571428571,
      0.8571428571428571,
      0.8928571428571429,
      0.8928571428571429,
      1.0
    ],
    "auc": 0.8863
  },
  "RF": {
    "fpr": [
      0.0,
      0.0,
      0.0,
      0.03333333333333333,
      0.03333333333333333,
      0.13333333333333333,
      0.13333333333333333,
      0.16666666666666666,
      0.16666666666666666,
      0.3333333333333333,
      0.3333333333333333,
      0.7666666666666667,
      1.0
    ],
    "tpr": [
      0.0,
      0.03571428571428571,
      0.6071428571428571,
      0.6071428571428571,
      0.6785714285714286,
      0.6785714285714286,
      0.7142857142857143,
      0.7142857142857143,
      0.8571428571428571,
      0.8571428571428571,
      0.8928571428571429,
      1.0,
      1.0
    ],
    "auc": 0.8982
  },
  "XGB": {
    "fpr": [
      0.0,
      0.0,
      0.0,
      0.03333333333333333,
      0.03333333333333333,
      0.16666666666666666,
      0.16666666666666666,
      0.2,
      0.2,
      0.23333333333333334,
      0.6666666666666666,
      0.7666666666666667,
      0.7666666666666667,
      0.8666666666666667,
      0.8666666666666667,
      0.9,
      0.9,
      1.0
    ],
    "tpr": [
      0.0,
      0.03571428571428571,
      0.5357142857142857,
      0.5357142857142857,
      0.6428571428571429,
      0.6428571428571429,
      0.7142857142857143,
      0.7142857142857143,
      0.75,
      0.75,
      0.8571428571428571,
      0.8571428571428571,
      0.8928571428571429,
      0.8928571428571429,
      0.9642857142857143,
      0.9642857142857143,
      1.0,
      1.0
    ],
    "auc": 0.8077
  }
}