{
  "LogReg": {
    "fpr": [
      0.0,
      0.0,
      0.0,
      0.010309278350515464,
      0.010309278350515464,
      0.020618556701030927,
      0.020618556701030927,
      0.05154639175257732,
      0.05154639175257732,
      0.061855670103092786,
      0.061855670103092786,
      0.07216494845360824,
      0.07216494845360824,
      0.08247422680412371,
      0.08247422680412371,
      0.09278350515463918,
      0.09278350515463918,
      0.10309278350515463,
      0.10309278350515463,
      0.14432989690721648,
      0.14432989690721648,
      0.15463917525773196,
      0.15463917525773196,
      0.17525773195876287,
      0.17525773195876287,
      0.18556701030927836,
      0.18556701030927836,
      0.1958762886597938,
      0.1958762886597938,
      0.21649484536082475,
      0.21649484536082475,
      0.2268041237113402,
      0.2268041237113402,
      0.26804123711340205,
      0.26804123711340205,
      0.28865979381443296,
      0.28865979381443296,
      0.32989690721649484,
      0.32989690721649484,
      0.36082474226804123,
      0.36082474226804123,
      0.38144329896907214,
      0.38144329896907214,
      0.3917525773195876,
      0.3917525773195876,
      0.4020618556701031,
      0.4020618556701031,
      0.44329896907216493,
      0.44329896907216493,
      0.4948453608247423,
      0.4948453608247423,
      0.5051546391752577,
      0.5051546391752577,
      0.5670103092783505,
      0.5670103092783505,
      0.6804123711340206,
      0.6804123711340206,
      1.0
    ],
    "tpr": [
      0.0,
      0.011494252873563218,
      0.10344827586206896,
      0.10344827586206896,
      0.3103448275862069,
      0.3103448275862069,
      0.5172413793103449,
      0.5172413793103449,
      0.5517241379310345,
      0.5517241379310345,
      0.5632183908045977,
      0.5632183908045977,
      0.5747126436781609,
      0.5747126436781609,
      0.6091954022988506,
      0.6091954022988506,
      0.6206896551724138,
      0.6206896551724138,
      0.632183908045977,
      0.632183908045977,
      0.6551724137931034,
      0.6551724137931034,
      0.6666666666666666,
      0.6666666666666666,
      0.6781609195402298,
      0.6781609195402298,
      0.735632183908046,
      0.735632183908046,
      0.7471264367816092,
      0.7471264367816092,
      0.7586206896551724,
      0.7586206896551724,
      0.7701149425287356,
      0.7701149425287356,
      0.8160919540229885,
      0.8160919540229885,
      0.8390804597701149,
      0.8390804597701149,
      0.8620689655172413,
      0.8620689655172413,
      0.8850574712643678,
      0.8850574712643678,
      0.896551724137931,
      0.896551724137931,
      0.9195402298850575,
      0.9195402298850575,
      0.9310344827586207,
      0.9310344827586207,
      0.9425287356321839,
      0.9425287356321839,
      0.9540229885057471,
      0.9540229885057471,
      0.9655172413793104,
      0.9655172413793104,
      0.9885057471264368,
      0.9885057471264368,
      1.0,
      1.0
    ],
    "auc": 0.8698
  },
  "RF": {
    "fpr": [
      0.0,
      0.0,
      0.0,
      0.010309278350515464,
      0.010309278350515464,
      0.020618556701030927,
      0.020618556701030927,
      0.030927835051546393,
      0.030927835051546393,
      0.041237113402061855,
      0.041237113402061855,
      0.07216494845360824,
      0.07216494845360824,
      0.08247422680412371,
      0.08247422680412371,
      0.09278350515463918,
      0.09278350515463918,
      0.13402061855670103,
      0.13402061855670103,
      0.14432989690721648,
      0.14432989690721648,
      0.18556701030927836,
      0.18556701030927836,
      0.1958762886597938,
      0.1958762886597938,
      0.21649484536082475,
      0.21649484536082475,
      0.23711340206185566,
      0.23711340206185566,
      0.24742268041237114,
      0.24742268041237114,
      0.26804123711340205,
      0.26804123711340205,
      0.27835051546391754,
      0.27835051546391754,
      0.31958762886597936,
      0.31958762886597936,
      0.3402061855670103,
      0.3402061855670103,
      0.35051546391752575,
      0.35051546391752575,
      0.38144329896907214,
      0.38144329896907214,
      0.4536082474226804,
      0.4536082474226804,
      0.4845360824742268,
      0.4845360824742268,
      0.5257731958762887,
      0.5257731958762887,
      0.5360824742268041,
      0.5360824742268041,
      0.6494845360824743,
      0.6494845360824743,
      1.0
    ],
    "tpr": [
      0.0,
      0.011494252873563218,
      0.2413793103448276,
      0.2413793103448276,
      0.3333333333333333,
      0.3333333333333333,
      0.39080459770114945,
      0.39080459770114945,
      0.47126436781609193,
      0.47126436781609193,
      0.6551724137931034,
      0.6551724137931034,
      0.6896551724137931,
      0.6896551724137931,
      0.7126436781609196,
      0.7126436781609196,
      0.7241379310344828,
      0.7241379310344828,
      0.7586206896551724,
      0.7586206896551724,
      0.7816091954022989,
      0.7816091954022989,
      0.7931034482758621,
      0.7931034482758621,
      0.8045977011494253,
      0.8045977011494253,
      0.8160919540229885,
      0.8160919540229885,
      0.8275862068965517,
      0.8275862068965517,
      0.8390804597701149,
      0.8390804597701149,
      0.8735632183908046,
      0.8735632183908046,
      0.8850574712643678,
      0.8850574712643678,
      0.896551724137931,
      0.896551724137931,
      0.9080459770114943,
      0.9080459770114943,
      0.9195402298850575,
      0.9195402298850575,
      0.9310344827586207,
      0.9310344827586207,
      0.9540229885057471,
      0.9540229885057471,
      0.9655172413793104,
      0.9655172413793104,
      0.9770114942528736,
      0.9770114942528736,
      0.9885057471264368,
      0.9885057471264368,
      1.0,
      1.0
    ],
    "auc": 0.8979
  },
  "XGB": {
    "fpr": [
      0.0,
      0.0,
      0.0,
      0.010309278350515464,
      0.010309278350515464,
      0.030927835051546393,
      0.030927835051546393,
      0.041237113402061855,
      0.041237113402061855,
      0.061855670103092786,
      0.061855670103092786,
      0.09278350515463918,
      0.09278350515463918,
      0.10309278350515463,
      0.10309278350515463,
      0.12371134020618557,
      0.12371134020618557,
      0.18556701030927836,
      0.18556701030927836,
      0.1958762886597938,
      0.1958762886597938,
      0.21649484536082475,
      0.21649484536082475,
      0.2268041237113402,
      0.2268041237113402,
      0.23711340206185566,
      0.23711340206185566,
      0.24742268041237114,
      0.24742268041237114,
      0.27835051546391754,
      0.27835051546391754,
      0.38144329896907214,
      0.38144329896907214,
      0.3917525773195876,
      0.3917525773195876,
      0.422680412371134,
      0.422680412371134,
      0.4536082474226804,
      0.4536082474226804,
      0.5257731958762887,
      0.5257731958762887,
      0.6597938144329897,
      0.6597938144329897,
      0.7938144329896907,
      0.7938144329896907,
      1.0
    ],