{
  "LogReg": {
    "fpr": [
      0.0,
      0.0,
      0.0,
      0.5,
      1.0
    ],
    "tpr": [
      0.0,
      0.038461538461538464,
      1.0,
      1.0,
      1.0
    ],
    "auc": 0.8756
  },
  "RF": {
    "fpr": [
      0.0,
      0.0,
      0.0,
      0.2857142857142857,
      0.7428571428571429,
      1.0
    ],
    "tpr": [
      0.0,
      0.043478260869565216,
      1.0,
      1.0,
      1.0,
      1.0
    ],
    "auc": 0.8815
  },
  "XGB": {
    "fpr": [
      0.0,
      0.0,
      0.0,
      0.14285714285714285,
      0.6,
      1.0
    ],
    "tpr": [
      0.0,
      0.043478260869565216,
      1.0,
      1.0,
      1.0,
      1.0
    ],
    "auc": 0.8196
  }
}