{
  "LogReg": {
    "fpr": [
      0.0,
      0.0,
      0.0,
      0.0,
      0.0,
      0.03571428571428571,
      0.03571428571428571,
      0.07142857142857142,
      0.07142857142857142,
      0.08333333333333333,
      0.08333333333333333,
      0.10714285714285714,
      0.10714285714285714,
      0.15476190476190477,
      0.75,
      0.8571428571428571,
      0.8571428571428571,
      1.0
    ],
    "tpr": [
      0.0,
      0.012658227848101266,
      0.6835443037974683,
      0.7088607594936709,
      0.759493670886076,
      0.759493670886076,
      0.8354430379746836,
      0.8354430379746836,
      0.8481012658227848,
      0.8481012658227848,
      0.8607594936708861,
      0.8607594936708861,
      0.8860759493670886,
      0.8860759493670886,
      0.9873417721518988,
      0.9873417721518988,
      1.0,
      1.0
    ],
    "auc": 0.936
  },
  "RF": {
    "fpr": [
      0.0,
      0.0,
      0.0,
      0.011904761904761904,
      0.011904761904761904,
      0.05952380952380952,
      0.05952380952380952,
      0.07142857142857142,
      0.07142857142857142,
      0.07142857142857142,
      0.10714285714285714,
      0.10714285714285714,
      0.15476190476190477,
      0.15476190476190477,
      0.16666666666666666,
      0.16666666666666666,
      0.19047619047619047,
      0.19047619047619047,
      0.21428571428571427,
      0.21428571428571427,
      0.25,
      0.25,
      0.2619047619047619,
      0.8571428571428571,
      0.8928571428571429,
      0.8928571428571429,
      1.0
    ],
    "tpr": [
      0.0,
      0.012658227848101266,
      0.6455696202531646,
      0.6455696202531646,
      0.6708860759493671,
      0.6708860759493671,
      0.6962025316455697,
      0.6962025316455697,
      0.7215189873417721,
      0.7341772151898734,
      0.7341772151898734,
      0.7974683544303798,
      0.7974683544303798,
      0.810126582278481,
      0.810126582278481,
      0.8481012658227848,
      0.8481012658227848,
      0.8607594936708861,
      0.8607594936708861,
      0.8734177215189873,
      0.8734177215189873,
      0.8860759493670886,
      0.8860759493670886,
      0.9873417721518988,
      0.9873417721518988,
      1.0,
      1.0
    ],
    "auc": 0.9042
  },
  "XGB": {
    "fpr": [
      0.0,
      0.0,
      0.0,
      0.0,
      0.0,
      0.0,
      0.0,
      0.023809523809523808,
      0.023809523809523808,
      0.047619047619047616,
      0.047619047619047616,
      0.09523809523809523,
      0.09523809523809523,
      0.11904761904761904,
      0.11904761904761904,
      0.13095238095238096,
      0.13095238095238096,
      0.16666666666666666,
      0.7619047619047619,
      0.7619047619047619,
      0.8571428571428571,
      0.8571428571428571,
      1.0
    ],
    "tpr": [
      0.0,
      0.012658227848101266,
      0.1518987341772152,
      0.17721518987341772,
      0.6329113924050633,
      0.6582278481012658,
      0.7974683544303798,
      0.7974683544303798,
      0.810126582278481,
      0.810126582278481,
      0.8227848101265823,
      0.8227848101265823,
      0.8354430379746836,
      0.8354430379746836,
      0.8607594936708861,
      0.8607594936708861,
      0.8734177215189873,
      0.8734177215189873,
      0.9746835443037974,
      0.9873417721518988,
      0.9873417721518988,
      1.0,
      1.0
    ],
    "auc": 0.9257
  }
}