{
  "counts": {
    "disengaged": {
      "disengaged": 105,
      "high": 6,
      "low": 257,
      "moderate": 10,
      "All": 378
    },
    "high": {
      "disengaged": 28,
      "high": 138,
      "low": 145,
      "moderate": 52,
      "All": 363
    },
    "low": {
      "disengaged": 64,
      "high": 17,
      "low": 222,
      "moderate": 44,
      "All": 347
    },
    "moderate": {
      "disengaged": 32,
      "high": 47,
      "low": 181,
      "moderate": 76,
      "All": 336
    },
    "All": {
      "disengaged": 229,
      "high": 208,
      "low": 805,
      "moderate": 182,
      "All": 1424
    }
  },
  "percentages": {
    "disengaged": {
      "disengaged": 45.9,
      "high": 2.9000000000000004,
      "low": 31.900000000000002,
      "moderate": 5.5
    },
    "high": {
      "disengaged": 12.2,
      "high": 66.3,
      "low": 18.0,
      "moderate": 28.599999999999998
    },
    "low": {
      "disengaged": 27.900000000000002,
      "high": 8.200000000000001,
      "low": 27.6,
      "moderate": 24.2
    },
    "moderate": {
      "disengaged": 14.000000000000002,
      "high": 22.6,
      "low": 22.5,
      "moderate": 41.8
    }
  },
  "stability": 0.3799
}